{
  "train_loss": [
    1.8295189098180833,
    1.3007861999561732,
    0.8748940750157307,
    0.5948914160532377,
    0.34010180187466,
    0.2168105489955116,
    0.15838705566911532,
    0.13847804140256267,
    0.12322278844158768
  ],
  "train_acc": [
    52.145411203814064,
    68.83194278903457,
    80.87008343265792,
    87.60429082240763,
    94.04052443384982,
    96.4839094159714,
    97.55661501787843,
    97.31823599523241,
    97.61620977353992
  ],
  "val_loss": [
    1.3360960066318512,
    0.9068127021903083,
    0.7509281832547415,
    0.5708991306789574,
    0.6181067290250212,
    0.5016098898336557,
    1.056030477173183,
    0.5965144917147145,
    0.5289186516222322
  ],
  "val_acc": [
    64.28571428571429,
    73.33333333333333,
    86.66666666666667,
    92.85714285714286,
    82.85714285714286,
    85.71428571428571,
    64.76190476190476,
    77.14285714285714,
    83.80952380952381
  ]
}